Estimate,Est.Error,Q2.5,Q97.5,checkpoint,Parameter
0.21398599051095432,0.16010383351746732,-0.10174229586403824,0.5256607174292843,step0-tokens0B,Intercept
-0.0993568517778013,0.23665382820187672,-0.5644095720601187,0.36537788034435104,step0-tokens0B,Percept
0.21243286001595504,0.2591443988694553,-0.29168472904585047,0.7245162136689044,step0-tokens0B,Culture
0.18019151210794596,0.27295337678718223,-0.3571166824934541,0.71304016929015,step0-tokens0B,Power
0.6213518289074295,0.4151101004693411,-0.17770484674780426,1.4402630106036634,step0-tokens0B,Intense
-0.012582950111738005,1.5757240219249755,-3.1692387383288185,3.0350208229212625,step0-tokens0B,Icon
-0.08027340270074536,0.08385143958362667,-0.2458551849807529,0.08318912739488271,step0-tokens0B,Freq
0.034721902668250884,0.14397558253564008,-0.24961173286192165,0.3171615309652026,step0-tokens0B,Len
-0.09488346649410168,0.29287569603694,-0.6706094535067776,0.48002906454318656,step0-tokens0B,Lapse
0.10116407004211397,0.36503143223443574,-0.6091397580714232,0.8212277772248746,step0-tokens0B,no_final_stress
0.078909113041245,0.2820419168678981,-0.4752824557367082,0.6326022042495902,step1000-tokens4B,Intercept
0.3367268024205529,0.4017294656554549,-0.4453807894059607,1.124667710140153,step1000-tokens4B,Percept
-2.224479207984325,0.5006008860170389,-3.2052997882530176,-1.2547526261273056,step1000-tokens4B,Culture
-1.1414332605428648,0.48358753635233165,-2.1156208790154762,-0.2166929607498571,step1000-tokens4B,Power
-0.3462868795974964,0.6388826649537469,-1.6381037709791046,0.8723922813703824,step1000-tokens4B,Intense
-0.021011696292332172,1.671468690968249,-3.3339498334271136,3.2089041141152332,step1000-tokens4B,Icon
0.4294787576013063,0.1538752927088961,0.1271800966639448,0.7294962484925158,step1000-tokens4B,Freq
0.7783444618064507,0.2563475156736353,0.28330174550412157,1.2738407505063076,step1000-tokens4B,Len
0.44457882246204944,0.46808812731425525,-0.44169064102332634,1.3971325800469665,step1000-tokens4B,Lapse
-0.5892052967230444,0.584155019698063,-1.7816057481514913,0.5135052929229815,step1000-tokens4B,no_final_stress
0.1652461883095847,0.23164503863535627,-0.2923335563819651,0.6198009350967095,step10000-tokens41B,Intercept
-0.20187815590166408,0.3268968122635178,-0.8495030109379339,0.4383718864254194,step10000-tokens41B,Percept
-0.2771354595144119,0.36253181738066625,-0.9963630244262472,0.44584965271457844,step10000-tokens41B,Culture
1.026736942846873,0.39812474873834774,0.2597484481617101,1.8181480220577728,step10000-tokens41B,Power
1.258357487018785,0.6030314601352319,0.12463566285732589,2.4726800939256095,step10000-tokens41B,Intense
0.03561901796285393,1.695202030137289,-3.10873313844508,3.225950864423648,step10000-tokens41B,Icon
-0.027287342369803846,0.12307465266483805,-0.2674949153263409,0.21552336986951845,step10000-tokens41B,Freq
0.7333283335945697,0.20859642166308398,0.3218053039054329,1.1441236968189687,step10000-tokens41B,Len
0.005259056271211644,0.38744724104995054,-0.7573531829728546,0.7649832881494667,step10000-tokens41B,Lapse
0.2517133946442819,0.4827238408085403,-0.694058399718031,1.2180576864698915,step10000-tokens41B,no_final_stress
-0.38278336922316525,0.18540244149897359,-0.7469969551255862,-0.02283531231877572,step100000-tokens419B,Intercept
0.24232964715955774,0.2683616359333874,-0.2797420508092644,0.7714622627981703,step100000-tokens419B,Percept
-0.2691883758353331,0.30205498602274483,-0.8574407149239472,0.3159976364898232,step100000-tokens419B,Culture
0.512606403486517,0.3153446673760728,-0.10066545580557663,1.1315256289061426,step100000-tokens419B,Power
0.2202538556621835,0.45472072356023296,-0.6667662633877012,1.1205578083248948,step100000-tokens419B,Intense
-0.012634514561173342,1.9443349319304883,-3.2618668256665453,3.2696083257618196,step100000-tokens419B,Icon
0.28417955844943354,0.09948322602895834,0.09000236097470808,0.47793702314667547,step100000-tokens419B,Freq
-0.3710324952617895,0.16623956173265,-0.6971882744824357,-0.04536106079273436,step100000-tokens419B,Len
-0.19730169398026787,0.3360346976255878,-0.8769589935343752,0.45934288987610145,step100000-tokens419B,Lapse
0.767388372238786,0.4214171654343999,-0.05745929165023779,1.6190727871602757,step100000-tokens419B,no_final_stress
0.524525520068559,0.32546585694088515,-0.11517298732962371,1.1653735819983775,step1500-tokens6B,Intercept
-0.2454936140277594,0.4486167442768659,-1.1364211716779729,0.6370149959284599,step1500-tokens6B,Percept
-1.0653836236913565,0.5219441194132859,-2.1242965190329697,-0.07727241037183455,step1500-tokens6B,Culture
-0.6128693950847861,0.5113942591973413,-1.6377564052442275,0.3748730728093722,step1500-tokens6B,Power
-0.6235334839420743,0.7223508154393995,-2.1273751426141962,0.7261932116655947,step1500-tokens6B,Intense
-0.04669613998008445,1.8393654377698812,-3.3463739741701635,3.1427606086861086,step1500-tokens6B,Icon
0.267312880487166,0.17442458828147334,-0.07263673169938271,0.6136901184908556,step1500-tokens6B,Freq
0.1839636992854339,0.28918730044398605,-0.3783311762208606,0.7520157018476002,step1500-tokens6B,Len
0.6132897296362534,0.5073485990237125,-0.3516205538162169,1.6372727527272193,step1500-tokens6B,Lapse
-0.34211287210418423,0.6199476146922357,-1.5972540649984128,0.8318793154385709,step1500-tokens6B,no_final_stress
0.6684111343445234,0.30600817925480145,0.07293817981268605,1.2658651155684788,step2000-tokens8B,Intercept
0.004827105661445715,0.4179110107567579,-0.8033963647388296,0.8334633879522876,step2000-tokens8B,Percept
-0.3971937938504126,0.46473330059344065,-1.325309194423378,0.49861380458962745,step2000-tokens8B,Culture
0.0014528938886330385,0.4705330389178653,-0.9358259716528883,0.9314283155512842,step2000-tokens8B,Power
-0.33503117558718976,0.6638413975426241,-1.682586522406639,0.9142833441699938,step2000-tokens8B,Intense
0.0070998282613068614,1.6581636155595478,-3.116472526189189,3.168683639714386,step2000-tokens8B,Icon
0.2515608731335735,0.16081170574795053,-0.06284447688334692,0.5698746968300406,step2000-tokens8B,Freq
0.46764714945057934,0.2703699407345001,-0.06305621323657723,1.0050635728928234,step2000-tokens8B,Len
0.15673847169468244,0.4643103935186817,-0.7521792493475044,1.077220030911122,step2000-tokens8B,Lapse
0.27478158542644393,0.5772026459979354,-0.8496424582956597,1.44259979726355,step2000-tokens8B,no_final_stress
-0.7493911412256169,0.24266199381298395,-1.221090765791076,-0.2728302989482342,step20000-tokens83B,Intercept
-0.2963163615006688,0.34471800787843,-0.9719625900643087,0.379174934909902,step20000-tokens83B,Percept
0.6654768191203658,0.3836035595362513,-0.08299877365650252,1.4199285477984744,step20000-tokens83B,Culture
-0.3353119162215707,0.38951181875994717,-1.0989195289480929,0.4320942577834777,step20000-tokens83B,Power
0.8091911824343477,0.5902760381111566,-0.3082028996459611,2.0192453076495767,step20000-tokens83B,Intense
0.012852580892852626,1.7736758955615377,-3.087982787369929,3.1922122291586184,step20000-tokens83B,Icon
0.15057664921974298,0.12717023237451297,-0.09975584109290682,0.39749121484134486,step20000-tokens83B,Freq
-0.5184583973383377,0.21632247769714666,-0.9425785358074846,-0.09286890853388553,step20000-tokens83B,Len
0.9522240486570847,0.4362228673692103,0.12559974442306157,1.8263234238472275,step20000-tokens83B,Lapse
-0.9717018029691411,0.5503324309131078,-2.0923444688672213,0.07331071100470436,step20000-tokens83B,no_final_stress
-0.028875664384483923,0.19078944644612533,-0.40605971623944065,0.34920689441728475,step200000-tokens838B,Intercept
0.196083081193782,0.27660314089531884,-0.3451643237297754,0.7422242381083473,step200000-tokens838B,Percept
-0.1578067417325828,0.30309036786958404,-0.7405751817954557,0.44641096865217883,step200000-tokens838B,Culture
0.6945827093724072,0.32174692342950095,0.06369049431373784,1.326964587910147,step200000-tokens838B,Power
0.3635531682237886,0.47293146369130074,-0.5469387375422762,1.3016367251933643,step200000-tokens838B,Intense
-0.0020215545661910793,1.6414214191159389,-3.1239293395539485,3.1783977263694863,step200000-tokens838B,Icon
0.1406179486734727,0.10043766321372519,-0.057233870954781406,0.3361857180087576,step200000-tokens838B,Freq
0.16149154403228977,0.16934402768629903,-0.16779500531842162,0.4976423111995252,step200000-tokens838B,Len
0.418342132381097,0.33613475745814764,-0.2341234469112473,1.0817740318995592,step200000-tokens838B,Lapse
-0.4263884197167038,0.42127374070412144,-1.263058617464799,0.38882002436808,step200000-tokens838B,no_final_stress
0.29319471071105835,0.289420891821822,-0.2700598340793224,0.8584183673145578,step2500-tokens10B,Intercept
-0.39393076170896846,0.4025897696150845,-1.185633103754753,0.3837321283721114,step2500-tokens10B,Percept
-0.36403873632520756,0.4440984249130854,-1.2532874041494786,0.4993501789491619,step2500-tokens10B,Culture
0.3051049831594572,0.46183332113460296,-0.5962103805238917,1.2213068671154976,step2500-tokens10B,Power
0.9949491051966085,0.7094153915832233,-0.32780806549460606,2.457175775082879,step2500-tokens10B,Intense
0.030485937450698792,1.6870143974480731,-3.063750477974785,3.1915364496004788,step2500-tokens10B,Icon
0.1661781411934936,0.1551470768531062,-0.13893000508498035,0.47224002369248075,step2500-tokens10B,Freq
0.9275841990012772,0.2624586666765723,0.41006896831219014,1.4471818908486456,step2500-tokens10B,Len
-0.2277440258369278,0.44792022220526917,-1.1133252237965625,0.655109318914593,step2500-tokens10B,Lapse
-0.23974867567454688,0.5517376455360155,-1.3518879208676744,0.8381207053892411,step2500-tokens10B,no_final_stress
0.1767297230115515,0.30793184535522705,-0.42613175981206186,0.7847917456739929,step3000-tokens12B,Intercept
0.15090656486946946,0.4243752102090266,-0.6773587659875487,0.985880307513818,step3000-tokens12B,Percept
-0.29186013255878884,0.46348048888180243,-1.2086577620669043,0.6067909947919365,step3000-tokens12B,Culture
0.03847577494908389,0.47441112252527096,-0.8963268940027495,0.9805307771389039,step3000-tokens12B,Power
0.34232740648148574,0.6750824874860117,-0.9593547671743875,1.7058808264144891,step3000-tokens12B,Intense
0.004336599643722177,1.6915641526424514,-3.2345223653297284,3.2664416745232914,step3000-tokens12B,Icon
0.103124970329014,0.16321074015212902,-0.21507648940714247,0.41979325705988296,step3000-tokens12B,Freq
0.4558161871907843,0.27258577521830096,-0.07814435095884442,0.9921548873195922,step3000-tokens12B,Len
0.11983830496394304,0.47230440030534077,-0.7996725468660731,1.0480541526535283,step3000-tokens12B,Lapse
-0.14611258964385235,0.5824938924679344,-1.3046081586365577,0.986330710317465,step3000-tokens12B,no_final_stress
-0.1557910697956221,0.23107524728646545,-0.6090655709667175,0.2931019372681272,step30000-tokens125B,Intercept
-0.1329421127689383,0.3267918568958683,-0.7800570000740247,0.505198887230021,step30000-tokens125B,Percept
0.16200305341574334,0.36004174440655484,-0.5480733949955484,0.8695471794393967,step30000-tokens125B,Culture
0.9170362568060976,0.38325357595906134,0.1632671262579373,1.6856703508613828,step30000-tokens125B,Power
0.9384553662072421,0.573002643093972,-0.14105575896314013,2.1095028765152826,step30000-tokens125B,Intense
-0.018763475857975623,1.8119644929682928,-3.1829112007076508,3.0932519644527128,step30000-tokens125B,Icon
-0.1083114004750313,0.1225322336250964,-0.34799173324262134,0.133185167886342,step30000-tokens125B,Freq
-0.12564253505529763,0.2036946429793651,-0.5272745025425181,0.2745530653816142,step30000-tokens125B,Len
0.40333294364921873,0.3919416521762548,-0.3493140584979568,1.1850196074872086,step30000-tokens125B,Lapse
-0.6206640372736163,0.4934050917057246,-1.6161777383833718,0.3226640398757236,step30000-tokens125B,no_final_stress
0.10887560566297144,0.30986279556425245,-0.5009630575822301,0.7161509550990675,step3500-tokens14B,Intercept
-0.783412535335645,0.44980876485328747,-1.6744317410519287,0.0845156075464997,step3500-tokens14B,Percept
0.05648288045738307,0.46408162244465273,-0.8559155361330264,0.9697722515558427,step3500-tokens14B,Culture
-0.4405551192770702,0.4958352154361245,-1.4257970716330577,0.516468781539571,step3500-tokens14B,Power
1.971004251653737,0.8761498223318431,0.3357217784697106,3.757333490702206,step3500-tokens14B,Intense
0.0021328576585236646,1.6366431392333993,-3.1973343389136297,3.1612903993543355,step3500-tokens14B,Icon
-0.13723655337103305,0.16193338682909073,-0.45437486872959115,0.17720925000804855,step3500-tokens14B,Freq
0.5948361888737314,0.2768455824450993,0.06225189026042184,1.1454767230293221,step3500-tokens14B,Len
0.051819860641199,0.4692815047974304,-0.8516000928970802,0.9886715968282639,step3500-tokens14B,Lapse
0.12979076235892936,0.5826328190698757,-1.0158937157859758,1.2874800304887704,step3500-tokens14B,no_final_stress
-0.15315258139952195,0.30798721437036924,-0.7653522983612224,0.45973577865816506,step4000-tokens16B,Intercept
-0.3282899999570745,0.42949020660625065,-1.1815241495463673,0.5033419776191019,step4000-tokens16B,Percept
-0.2001314155498618,0.46513303050552207,-1.1250307130889536,0.7088194450518222,step4000-tokens16B,Culture
-0.38955661006912246,0.4902936405077438,-1.374932074342582,0.5396553452165304,step4000-tokens16B,Power
1.0143944400220721,0.7456021089948504,-0.36027782937572544,2.5708589997298805,step4000-tokens16B,Intense
-0.007594518879896829,1.787931506078,-3.2181202615907267,3.15488075852759,step4000-tokens16B,Icon
0.022583433462521722,0.16567529039093853,-0.3037900494575342,0.3497309271362094,step4000-tokens16B,Freq
1.4181485746417508,0.2851489131512644,0.8625353635015484,1.9858245253591904,step4000-tokens16B,Len
-0.24674332300147758,0.48171190312554596,-1.189711542905625,0.695925327777682,step4000-tokens16B,Lapse
-0.39053589923550286,0.5962569863408108,-1.5963964923064369,0.7472370669607223,step4000-tokens16B,no_final_stress
-0.46635794427465793,0.22476073837934557,-0.9078272008520458,-0.029723992664571982,step40000-tokens167B,Intercept
0.36587790038063905,0.320665809026295,-0.2635805775032,0.9947881966587276,step40000-tokens167B,Percept
0.6822579036173108,0.35111599528505694,-0.004869166846799056,1.3764550567544123,step40000-tokens167B,Culture
1.202871705918752,0.38278157002053126,0.46263521271635716,1.9556049297694549,step40000-tokens167B,Power
0.7261103503172096,0.5465815245766094,-0.3069271196189928,1.8312909800286366,step40000-tokens167B,Intense
0.009212573414561357,1.659108040009111,-3.1383272168442433,3.2026539834217167,step40000-tokens167B,Icon
-0.08327979714435135,0.11864748773352807,-0.3175246609713733,0.15203232714209616,step40000-tokens167B,Freq
-0.1883139685660493,0.1982113862911309,-0.5756243358143934,0.2028467098858969,step40000-tokens167B,Len
0.10984257467064523,0.38234158357911574,-0.6331322744612665,0.863120531342537,step40000-tokens167B,Lapse
-0.550551220175467,0.4750010778686211,-1.5064147619586095,0.3706322833861462,step40000-tokens167B,no_final_stress
-0.08405798940383348,0.17652553638808205,-0.4327653658620062,0.2607594302192153,step400000-tokens1677B,Intercept
0.48786383041888626,0.26031313990185906,-0.01823303825233857,0.9984892311854121,step400000-tokens1677B,Percept
0.6191112920987425,0.2812834097935607,0.06114103769333532,1.170015963962043,step400000-tokens1677B,Culture
0.7084525863037283,0.2976126113438487,0.1295229189463115,1.2909781753960419,step400000-tokens1677B,Power
-0.3720040796400516,0.4365388408795685,-1.2373408119700415,0.4804342823171959,step400000-tokens1677B,Intense
-0.005984181816049062,1.6472131286340825,-3.030613181545937,3.0474670908303176,step400000-tokens1677B,Icon
0.08136155747927146,0.0928272177716174,-0.10084866382162426,0.2646008006523266,step400000-tokens1677B,Freq
-0.4454043653171565,0.15762564985970232,-0.7576041630881328,-0.1336561048707074,step400000-tokens1677B,Len
-0.22674188331719208,0.31893901215608556,-0.853948054354708,0.3931441961439398,step400000-tokens1677B,Lapse
0.5675660001968938,0.40027441684266346,-0.2122046479786053,1.3659074455043865,step400000-tokens1677B,no_final_stress
-0.11237822743828071,0.3074480156850982,-0.7156830975612635,0.4886244746413596,step4500-tokens18B,Intercept
-0.4709760117667877,0.4256221268500126,-1.321050270413459,0.3510624482229169,step4500-tokens18B,Percept
-0.3013269227639846,0.4634593256986048,-1.2201906908201456,0.6075781606653372,step4500-tokens18B,Culture
-0.13216399720193917,0.47984667974640915,-1.081209022839384,0.8160734542571771,step4500-tokens18B,Power
1.4497351505821905,0.7904450763999966,-0.01726846548848071,3.0765169512981054,step4500-tokens18B,Intense
0.0010050121133610517,1.7184170746664076,-3.1760723651753335,3.2209762231348074,step4500-tokens18B,Icon
-0.21942885083476235,0.16537403690255653,-0.5439971743126404,0.10832798647271853,step4500-tokens18B,Freq
1.298195003432689,0.28418103756929,0.7397440970721544,1.85823181701175,step4500-tokens18B,Len
-0.4084910092521072,0.48516780197816073,-1.3597124496647592,0.5522857128462718,step4500-tokens18B,Lapse
-0.19165963993474305,0.5920923222401079,-1.3753228025971604,0.9748223729247493,step4500-tokens18B,no_final_stress
-0.018936586838280228,0.26156456276484785,-0.5268344732021008,0.4977444393912481,step500-tokens2B,Intercept
0.4661922863026027,0.37107466484844653,-0.2561623732805071,1.2030627064772699,step500-tokens2B,Percept
-0.5301433473391813,0.40694323235827934,-1.3372767523603495,0.253151067108799,step500-tokens2B,Culture
0.4183115042985531,0.4177531206387084,-0.39169211314068914,1.2380748825024914,step500-tokens2B,Power
0.03595078011128008,0.5972214465108872,-1.1505075606970312,1.1984317311541992,step500-tokens2B,Intense
0.006539889362272226,1.7390103894796234,-3.2236977463112573,3.283822274835782,step500-tokens2B,Icon
0.2655736956733794,0.138535412196814,-0.008417757202162986,0.5362591304621187,step500-tokens2B,Freq
0.42653838215823026,0.23277239947043524,-0.030797800613600268,0.8822233466153366,step500-tokens2B,Len
0.5257312187893006,0.43940513685342997,-0.32358315723863,1.4046043246220103,step500-tokens2B,Lapse
-0.7147183319145375,0.5523179560962264,-1.8324372181969457,0.3462159381114087,step500-tokens2B,no_final_stress
-0.10918782107191095,0.2922970962431804,-0.678436646900417,0.46371598882281434,step5000-tokens20B,Intercept
0.30375244420400804,0.40725729349007805,-0.4908376664935137,1.1063997468365807,step5000-tokens20B,Percept
0.05815404537125688,0.4379572895831521,-0.7939043307755722,0.9137792679482312,step5000-tokens20B,Culture
0.906671013716171,0.4845649377955401,-0.023171058521536253,1.8769425101989181,step5000-tokens20B,Power
1.2144484025169904,0.7316924726810559,-0.14144456448910847,2.7251387980407933,step5000-tokens20B,Intense
-0.022133675960247706,2.2967783632431584,-3.6430853370371064,3.4679963890396936,step5000-tokens20B,Icon
-0.007448373768800724,0.15436276192831974,-0.3080174539412424,0.2967095751136635,step5000-tokens20B,Freq
0.8107599028702779,0.26148240756671787,0.3033916182206009,1.3290266453165904,step5000-tokens20B,Len
0.003712321908425192,0.45442135108087206,-0.8834508330826158,0.9074158274117002,step5000-tokens20B,Lapse
-0.1875380921655682,0.5665102985151721,-1.2987198849151553,0.9286121788632551,step5000-tokens20B,no_final_stress
0.1907690777536049,0.18972500186720453,-0.1803036373743927,0.5644060561241109,step50000-tokens209B,Intercept
0.2230084694266928,0.2701018447720256,-0.3082702203027004,0.7569847979749971,step50000-tokens209B,Percept
0.21360544287082472,0.297359234264916,-0.36607817211972016,0.7936579151755607,step50000-tokens209B,Culture
0.7751475897867729,0.32337726792816823,0.14324990657134165,1.4100076114107476,step50000-tokens209B,Power
-0.1550772229111065,0.45814850691147063,-1.0607893198248879,0.7535744046204463,step50000-tokens209B,Intense
0.00680164041433737,1.6439860126502848,-3.0215138714907783,3.0808567092664525,step50000-tokens209B,Icon
-0.056644704855720526,0.09936815173616181,-0.25052735992279807,0.13744770999740832,step50000-tokens209B,Freq
-0.0605227767853418,0.1700988440459774,-0.394809187483039,0.27276642307893384,step50000-tokens209B,Len
0.08583191658242276,0.3310680575518724,-0.5607599685652042,0.7361502917735974,step50000-tokens209B,Lapse
-0.1802102142695637,0.4143117389763513,-1.0001604407469016,0.6349841204793445,step50000-tokens209B,no_final_stress
-0.17400268176590178,0.2500174451448436,-0.6625488095714798,0.31964927838715024,step5500-tokens23B,Intercept
-0.08582015484339832,0.3478423915091997,-0.7685642422938993,0.5948465397143551,step5500-tokens23B,Percept
0.45724274088169287,0.3900674976948436,-0.30509336432115375,1.228123600799509,step5500-tokens23B,Culture
0.5473530116865228,0.4054069044505217,-0.23625831574244546,1.3485566998855918,step5500-tokens23B,Power
1.1830929570603725,0.6303724565504691,0.0010253803421060481,2.4666744288315345,step5500-tokens23B,Intense
0.02238995737565015,1.7948314684471294,-3.190726783426765,3.259786449881699,step5500-tokens23B,Icon
-0.0528501549817542,0.1304750740536537,-0.31130343633469926,0.20420745669591656,step5500-tokens23B,Freq
0.49440973337160227,0.22166633860163118,0.05755754115982575,0.9271839658781336,step5500-tokens23B,Len
-0.2953815687226673,0.41137061891223664,-1.1122013413249057,0.5090030070272777,step5500-tokens23B,Lapse
0.3234458649296018,0.5093804249749065,-0.6862305414699957,1.3411305657842383,step5500-tokens23B,no_final_stress
-0.25758458039744586,0.25592684611449396,-0.7640570244188329,0.24375813157887075,step6000-tokens25B,Intercept
-0.4437775717845847,0.36183750179166285,-1.1558023862736997,0.26868066767167453,step6000-tokens25B,Percept
0.3773977332971746,0.39411176018592176,-0.3849474172485287,1.1610952142641298,step6000-tokens25B,Culture
0.3722634358983228,0.4133086440454233,-0.4313866543168971,1.1881437280601315,step6000-tokens25B,Power
1.4566587054357538,0.6723824596482335,0.19715425577590273,2.8313901154609455,step6000-tokens25B,Intense
-0.0035145729052470406,1.6863110974802176,-3.295957833494643,3.218761613175339,step6000-tokens25B,Icon
-0.0520367996886854,0.13412319223955105,-0.31549252786902104,0.20995638754754611,step6000-tokens25B,Freq
-0.0498209613637065,0.2261870342962993,-0.4941998022000644,0.3953326293558764,step6000-tokens25B,Len
0.05844491537408186,0.41790520962681416,-0.7620185415333044,0.8779127598802379,step6000-tokens25B,Lapse
0.1899146309332803,0.5201855811833704,-0.8314258362562811,1.2110511356348244,step6000-tokens25B,no_final_stress
-0.056296965632182644,0.28641264995171206,-0.6166040960463303,0.501896967968821,step6500-tokens27B,Intercept
-0.4341774445506163,0.40572713129581217,-1.2283940597009941,0.36107991758377833,step6500-tokens27B,Percept
0.053351738910873026,0.4387653508180684,-0.7969574494990146,0.9198687572722177,step6500-tokens27B,Culture
0.53925524935988145,0.4704012184688776,-0.3671924421618822,1.4859100445512898,step6500-tokens27B,Power
1.470414059944532,0.7607974097266603,0.055824570565729224,3.0166215954931745,step6500-tokens27B,Intense
0.007818162973120896,1.7132242643103885,-3.1175919808986428,3.2725846131825627,step6500-tokens27B,Icon
-0.2797448134641791,0.15517435393987825,-0.5821001728043407,0.02487822259256094,step6500-tokens27B,Freq
0.3913198012075165,0.2554312932835805,-0.10356569448140099,0.8891399560112783,step6500-tokens27B,Len
0.17847790160515856,0.4513014952124015,-0.7075364298938596,1.0762679152259034,step6500-tokens27B,Lapse
-0.34904946783735114,0.5629430846736401,-1.4698357576337335,0.7337183477419378,step6500-tokens27B,no_final_stress
0.056035864014520084,0.28787685386618994,-0.5070970854057384,0.6208760346150146,step7000-tokens29B,Intercept
-0.39534756479343075,0.41580361803106386,-1.2266246104303855,0.40876282456224655,step7000-tokens29B,Percept
0.15305462752016247,0.4383982276419153,-0.7129930002430909,1.0126225158376663,step7000-tokens29B,Culture
0.744613642146247,0.48269974412345534,-0.1883851648409781,1.7181101161070287,step7000-tokens29B,Power
2.350936937216026,0.8383712218078724,0.7247127339925464,3.9927802086843336,step7000-tokens29B,Intense
-0.013922956333030872,1.607224121526591,-3.1846788235446994,3.1893620099713766,step7000-tokens29B,Icon
-0.14376873738002385,0.15444245272004217,-0.44485909862887135,0.15827984557939534,step7000-tokens29B,Freq
0.5006786954330276,0.2593266250721472,-0.0034317651550269724,1.0151639142370834,step7000-tokens29B,Len
0.22998902885734812,0.45551500093007036,-0.666980054129735,1.131217921435771,step7000-tokens29B,Lapse
0.12689240777681998,0.5661614663895944,-0.9816082265141977,1.2605651458372347,step7000-tokens29B,no_final_stress
0.01782793005686207,0.25828447542335925,-0.48400736018833496,0.5265043347378371,step7500-tokens31B,Intercept
-0.6476763679836084,0.3730218858643174,-1.3896146534560312,0.07313196135090233,step7500-tokens31B,Percept
0.47180816248729335,0.40252167989627435,-0.30509741082441333,1.2791291357079182,step7500-tokens31B,Culture
0.5793419729720289,0.4198661369349546,-0.2460280514307977,1.4244970289155479,step7500-tokens31B,Power
1.7469659820892984,0.6978201553655725,0.4312708971212919,3.152216132959345,step7500-tokens31B,Intense
0.005742737262147757,1.624162043134852,-3.152883792846453,3.259858004702429,step7500-tokens31B,Icon
-0.1581246713216456,0.13548010570946248,-0.42755805393938684,0.11342476722840204,step7500-tokens31B,Freq
0.46424579444062736,0.23026148550541148,0.015353654945444455,0.9144961594786223,step7500-tokens31B,Len
0.09893307953177745,0.4224870522587638,-0.7343174840738296,0.9334142525751747,step7500-tokens31B,Lapse
-0.005184859306510671,0.516165248518595,-1.017067952680139,1.0248056711988456,step7500-tokens31B,no_final_stress
-0.3169607465193917,0.2936346876051409,-0.9011567446332547,0.250213326946266,step8000-tokens33B,Intercept
-0.45039330496837626,0.41971043686429244,-1.283899228342027,0.3731936014851,step8000-tokens33B,Percept
0.5505871008005598,0.45801617295706193,-0.3396042570390325,1.4628061200500138,step8000-tokens33B,Culture
0.4723405127334395,0.47355451279413824,-0.4408883606380646,1.4142668194559997,step8000-tokens33B,Power
1.9395140045000232,0.8274476593433998,0.3811404454092854,3.614102171630363,step8000-tokens33B,Intense
0.00403549028946749,1.5542270463060737,-3.0972018959563354,3.0629670069276584,step8000-tokens33B,Icon
-0.234956951516854,0.1560300061029813,-0.5399184923401177,0.06793598292617248,step8000-tokens33B,Freq
0.34566708951151826,0.2604895567960023,-0.16489408008276712,0.8616601690612674,step8000-tokens33B,Len
-0.29943557452230485,0.46362599981063046,-1.2169815623535605,0.5949056234181146,step8000-tokens33B,Lapse
-0.1708041391024718,0.5743429748704489,-1.2998568192146018,0.9656338105396046,step8000-tokens33B,no_final_stress
-0.2749251121979602,0.25627454005958156,-0.7813900433283671,0.2210551464085807,step8500-tokens35B,Intercept
-0.6609555340660365,0.37781021642242973,-1.408344193415372,0.07601150429213029,step8500-tokens35B,Percept
0.7448106662085743,0.4135988763813215,-0.04879923015534591,1.5750232480917146,step8500-tokens35B,Culture
0.36562322467521685,0.4202297760261945,-0.44098018747449624,1.1999580466223065,step8500-tokens35B,Power
2.36074188237505,0.7460058945644847,0.9086055007792879,3.837268441378948,step8500-tokens35B,Intense
0.021793059918778647,1.769636100962551,-3.142780436322173,3.14291438399299,step8500-tokens35B,Icon
-0.2264912873828952,0.13806979326827218,-0.49417215858245783,0.045489627046522776,step8500-tokens35B,Freq
0.6957718067584088,0.23408807373936574,0.23871630065954175,1.1545566429506304,step8500-tokens35B,Len
-0.41623463930441373,0.42698047781745213,-1.2613674689045795,0.4238696135928782,step8500-tokens35B,Lapse
0.019176172217181292,0.5253720818319629,-1.0158465814390087,1.0716645755262013,step8500-tokens35B,no_final_stress
-0.11046658442125314,0.2676861158437963,-0.6369186714428775,0.4147895702900569,step9000-tokens37B,Intercept
-0.4966150268252991,0.38745675413982816,-1.26019657076337,0.262344352167652,step9000-tokens37B,Percept
0.6796091251662781,0.42743916175723756,-0.1639390942049871,1.5200127526916598,step9000-tokens37B,Culture
0.7819746561744494,0.4565771161653544,-0.09524480794716858,1.707694813671461,step9000-tokens37B,Power
2.1746449037063753,0.7699917053955977,0.7006409330808954,3.6982628310251346,step9000-tokens37B,Intense
-0.02046345080070785,1.686386078178375,-3.2191263542504935,3.1930029769160653,step9000-tokens37B,Icon
-0.36366432186767983,0.14548641700718531,-0.6442797315401101,-0.07526183381063452,step9000-tokens37B,Freq
0.6795794684927745,0.24494308143662344,0.20263916458607234,1.1667333858131674,step9000-tokens37B,Len
-0.24343147964313228,0.4393838017585544,-1.1216031560133999,0.6235958853559952,step9000-tokens37B,Lapse
0.14255857453415,0.5409170049101749,-0.9146796687902309,1.2126921502318755,step9000-tokens37B,no_final_stress
-0.029601903265156382,0.24691770057770843,-0.5153417408512533,0.45574260241679015,step9500-tokens39B,Intercept
-0.48233882005673573,0.3506753252867095,-1.1866257735646422,0.20083111031676174,step9500-tokens39B,Percept
0.22465811037612987,0.38411361806870137,-0.5257700628189901,0.9963695059317963,step9500-tokens39B,Culture
0.06060123897469916,0.3995972665342414,-0.7106624723373361,0.8657640563236814,step9500-tokens39B,Power
1.4527543234180744,0.6515264474296756,0.22379436953661058,2.7614851820201043,step9500-tokens39B,Intense
-0.008886546086619963,1.8479597080853292,-3.2080266414482272,3.149528929810787,step9500-tokens39B,Icon
-0.25115522306730587,0.13074720153960112,-0.5047310739364259,0.00412394899478409,step9500-tokens39B,Freq
0.5693759907307309,0.22145235337129576,0.137029191073427,1.0046426763422758,step9500-tokens39B,Len
0.046063258279411504,0.40761898091715937,-0.757264747624751,0.8584102225237604,step9500-tokens39B,Lapse
-0.48939891962016924,0.5089038805922304,-1.5263375788741107,0.493462688162755,step9500-tokens39B,no_final_stress
