binom,Alpha Probs,Nonalpha Probs,ProbAandB,log_odds
men and women,-17.033065497875214,-17.379608631134033,0.5857790474950564,0.3465431332588196
black and white,-13.82968983054161,-17.303317189216614,0.9699280006708134,3.473627358675003
day and night,-16.973261445760727,-17.51892852783203,0.6331297379072295,0.5456670820713043
boys and girls,-17.794298827648163,-19.18305277824402,0.8003932439523017,1.3887539505958557
left and right,-16.38827332854271,-18.005505084991455,0.834413001282233,1.6172317564487457
female and male,-18.699040949344635,-16.908924385905266,0.14305843305669783,-1.7901165634393692
father and mother,-19.354788780212402,-18.490976095199585,0.29654338247769146,-0.8638126850128174
goods and services,-17.235396206378937,-21.091554880142212,0.9792889358215325,3.856158673763275
north and south,-18.08649057149887,-20.448211431503296,0.9138613659989034,2.361720860004425
development and research,-21.1680908203125,-16.702508449554443,0.011367296562295718,-4.465582370758057
place and time,-19.78444004058838,-17.246020317077637,0.07320832109718967,-2.538419723510742
death and life,-18.86099362373352,-16.505022168159485,0.08659229826921051,-2.3559714555740356
brothers and sisters,-17.57519181072712,-19.882561564445496,0.9094855623651448,2.307369753718376
husband and wife,-18.143615186214447,-20.216381311416626,0.888227874961616,2.072766125202179
gas and oil,-19.399487733840942,-15.51753157377243,0.020194255287789235,-3.881956160068512
pepper and salt,-19.364737510681152,-15.715670436620712,0.025355748264828264,-3.64906707406044
fall and rise,-20.49470567703247,-17.487210750579834,0.047088423647273676,-3.0074949264526367
arms and legs,-18.59770143032074,-20.414302825927734,0.8601578215154033,1.8166013956069946
fruits and vegetables,-15.860110253095627,-17.81580102443695,0.8760658378569298,1.9556907713413239
arts and sciences,-19.539729714393616,-22.776887893676758,0.9622089082031775,3.237158179283142
gentlemen and ladies,-20.99185359477997,-15.83563420176506,0.005730420898197262,-5.156219393014908
feelings and thoughts,-20.642688512802124,-19.5629141330719,0.2535487155782525,-1.0797743797302246
diagnosis and treatment,-17.93705654144287,-21.971320867538452,0.9826091004471804,4.034264326095581
groups and individuals,-22.44031012058258,-20.468294382095337,0.12217254140799563,-1.9720157384872437
knowledge and skills,-18.87217092514038,-19.83023989200592,0.7227350135886013,0.9580689668655396
heart and mind,-19.53043293952942,-21.880792379379272,0.912962793512339,2.3503594398498535
influence and power,-21.754765272140503,-20.49862289428711,0.22163867512313376,-1.2561423778533936
Africa and Asia,-17.12893795967102,-17.469335556030273,0.584287100610573,0.34039759635925293
addresses and names,-22.17196750640869,-18.246752738952637,0.019355853508420298,-3.9252147674560547
poetry and prose,-19.034435272216797,-19.20941472053528,0.5436335884494135,0.17497944831848145
forefinger and thumb,-23.457734286785126,-20.415041636675596,0.04553400313039125,-3.0426926501095295
minerals and vitamins,-19.465340971946716,-17.570147693157196,0.13065346824677082,-1.8951932787895203
fall and winter,-17.715568244457245,-21.689390659332275,0.9815455414410664,3.9738224148750305
light and shadow,-17.779198169708252,-19.49961519241333,0.8481825437026614,1.7204170227050781
honey and milk,-21.5797381401062,-17.606315851211548,0.0184617077942136,-3.9734222888946533
nose and throat,-22.781070947647095,-23.593635082244873,0.6926556365206844,0.8125641345977783
anger and fear,-20.38680124282837,-20.701662063598633,0.5780712867607013,0.31486082077026367
head and tail,-19.941081047058105,-22.392879009246826,0.920692832933329,2.4517979621887207
novels and stories,-20.767985582351685,-22.377777099609375,0.8333824393258372,1.6097915172576904
sunrise and sunset,-18.595755398273468,-20.66876983642578,0.8882525248756427,2.0730144381523132
sympathy and understanding,-22.90878677368164,-26.058146953582764,0.9588835037020513,3.149360179901123
shoes and socks,-18.172250747680664,-19.154372692108154,0.7275290535331694,0.9821219444274902
equipment and personnel,-22.211005926132202,-21.499955654144287,0.3293668100219753,-0.711050271987915
eyes and face,-20.950830221176147,-20.89032506942749,0.4848783249928553,-0.06050515174865723
ink and paper,-19.41606616973877,-18.52002215385437,0.2898641312534445,-0.8960440158843994
muscles and nerves,-21.688380479812622,-23.93932294845581,0.9047317995108944,2.2509424686431885
charts and maps,-18.891378045082092,-18.268002033233643,0.34901402016235406,-0.6233760118484497
elbows and knees,-20.052523851394653,-20.397352933883667,0.5853630858084251,0.34482908248901367
Christmas and Easter,-17.926680088043213,-19.396993160247803,0.8131049668008014,1.4703130722045898
nature and size,-21.750099182128906,-21.97979474067688,0.5571727406780996,0.22969555854797363
gums and teeth,-22.349671602249146,-20.343525171279907,0.11855909512862665,-2.0061464309692383
chairs and sofas,-20.887202978134155,-19.56201469898224,0.20995639411901704,-1.3251882791519165
characters and situations,-23.740211486816406,-25.340469360351563,0.8320544234312832,1.6002578735351563
joy and pleasure,-22.51934313774109,-22.18966054916382,0.41831785625046947,-0.3296825885772705
Thursday and Tuesday,-23.274956703186035,-18.906940460205078,0.012517683768245415,-4.368016242980957
barley and oats,-21.697749376296997,-21.475589990615845,0.444687461572016,-0.22215938568115234
beauty and dignity,-23.337559938430786,-23.764963388442993,0.6052534661213028,0.42740345001220703
boats and ships,-19.61993098258972,-19.410101413726807,0.4477342322659337,-0.20982956886291504
misery and pain,-22.959206104278564,-21.763519048690796,0.23224335374871316,-1.1956870555877686
bones and skulls,-21.6457781791687,-20.31017804145813,0.2082345454881358,-1.3356001377105713
dairy and poultry,-23.154592037200928,-22.8552188873291,0.42571072905845087,-0.29937314987182617
being and existence,-20.788889169692993,-26.983356475830078,0.9979634659613595,6.194467306137085
radar and radio,-21.387929677963257,-21.261266946792603,0.46837658495645756,-0.1266627311706543
humility and pride,-23.4681396484375,-22.090349316596985,0.2013641166100806,-1.3777903318405151
pitch and volume,-21.607665061950684,-23.91921615600586,0.9098291880280012,2.311551094055176
skirt and sweater,-22.24036431312561,-21.671440839767456,0.36148526484414417,-0.5689234733581543
linen and silk,-21.641231060028076,-20.867752075195313,0.3157270129258072,-0.7734789848327637
checks and money,-21.09678626060486,-24.186251640319824,0.956456104705671,3.089465379714966
calluses and corns,-23.61660156492144,-20.59787255525589,0.04658689500657344,-3.018729009665549
action and motion,-22.669638633728027,-24.08078670501709,0.8039469614661466,1.4111480712890625
brain and intelligence,-22.856481552124023,-24.382616996765137,0.821440179847295,1.5261354446411133
conduct and manners,-24.81489896774292,-23.18731689453125,0.16416186224479493,-1.62758207321167
completeness and unity,-27.03093409538269,-25.433778524398804,0.16837953858320354,-1.5971555709838867
hostility and indifference,-25.882824420928955,-27.18262243270874,0.7858009867931903,1.2997980117797852
depth and force,-25.62816286087036,-26.68238353729248,0.7415845608971509,1.0542206764221191
hours and miles,-23.596752643585205,-23.483216285705566,0.4716463617138103,-0.11353635787963867
movements and speech,-27.005407333374023,-27.30199360847473,0.5736077920713372,0.296586275100708
schools and synagogues,-25.011875386349857,-24.616974480450153,0.402538066190003,-0.3949009058997035
arrangers and composers,-25.426416635513306,-23.414770547300577,0.11798556993258466,-2.0116460882127285
happiness and laughter,-22.130645275115967,-22.725265979766846,0.6444246461546701,0.5946207046508789
diagrams and sketches,-22.329965829849243,-22.288419246673584,0.48961484799675825,-0.04154658317565918
pail and shovel,-20.809410393238068,-23.212228372693062,0.9170419362747496,2.402817979454994
candies and cookies,-22.304428577423096,-21.613349676132202,0.33379310927561817,-0.6910789012908936
county and village,-24.29421639442444,-22.8910551071167,0.19731494206855107,-1.4031612873077393
charm and variety,-25.844276428222656,-25.505670070648193,0.41614804914229797,-0.3386063575744629
bouquets and wreaths,-24.110311776399612,-23.10568492836319,0.268032700942286,-1.0046268480364233
beech and elm,-23.82458734512329,-25.056023634970188,0.7740698597157087,1.2314362898468971
complexity and obscurity,-25.538684893399477,-26.4992516040802,0.7232352556957631,0.9605667106807232
devotion and effort,-26.900870323181152,-25.395397186279297,0.18161064325708523,-1.5054731369018555
alibis and excuses,-23.484705209732056,-25.82296879030764,0.9119968222101922,2.3382635805755854
body and mind,-18.23789691925049,-19.018808007240295,0.685876441033263,0.7809110879898071
man and woman,-16.855498790740967,-19.162274837493896,0.9094366755894825,2.3067760467529297
law and order,-16.067678689956665,-23.460509300231934,0.9993847279754795,7.3928306102752686
cause and effect,-15.994105130434036,-21.93966317176819,0.9973893918133833,5.945558041334152
radio and television,-18.622674345970154,-19.052922129631042,0.6059328353295558,0.43024778366088867
feet and hands,-20.643844604492188,-17.190624833106995,0.030672983828120767,-3.453219771385193
money and time,-19.809017181396484,-17.64963459968567,0.10345770558363646,-2.1593825817108154
blood and flesh,-21.513466835021973,-18.316973745822906,0.039297907542687124,-3.196493089199066
god and man,-20.156029224395752,-22.671874523162842,0.9252451958193922,2.51584529876709
brother and sister,-17.61898824572563,-20.0034339427948,0.9156334942069304,2.384445697069168
father and son,-16.934146612882614,-21.992172241210938,0.9936820696534031,5.058025628328323
men and officers,-24.915602207183838,-19.721553444862366,0.005518865786248369,-5.194048762321472
south and west,-19.10524618625641,-20.373611569404602,0.7804628000551085,1.2683653831481934
error and trial,-26.66937232017517,-17.67554759979248,1.2415883471465308e-4,-8.99382472038269
arts and crafts,-16.84682810306549,-21.883758306503296,0.993548243517985,5.036930203437805
pressure and temperature,-19.37333583831787,-18.42480754852295,0.2791808910805417,-0.9485282897949219
days and nights,-18.817001938819885,-20.565128564834595,0.8517163589320434,1.7481266260147095
land and sea,-17.604281067848206,-20.217628002166748,0.9317156415324713,2.6133469343185425
north and west,-19.448684692382813,-20.68343949317932,0.7746496919741185,1.2347548007965088
spring and summer,-16.769559860229492,-21.664552927017212,0.9925716325018689,4.89499306678772
magazines and newspapers,-19.17362141609192,-17.778944969177246,0.19866223807591682,-1.3946764469146729
hands and knees,-20.02371120452881,-22.59368324279785,0.9289038493035383,2.569972038269043
moon and sun,-20.42066764831543,-18.869925498962402,0.1749791045869653,-1.5507421493530273
fathers and mothers,-21.18873131275177,-19.30770707130432,0.1322712713499355,-1.8810242414474487
city and county,-19.311060667037964,-20.37833309173584,0.7440778604564621,1.067272424697876
ears and eyes,-21.48122477531433,-19.408976793289185,0.11182357618417176,-2.0722479820251465
college and school,-22.989011526107788,-19.63596248626709,0.03379546121300641,-3.3530490398406982
college and university,-19.55068850517273,-19.308053135871887,0.43963700795765687,-0.24263536930084229
dark and light,-18.652419090270996,-17.152172327041626,0.1823887228303155,-1.5002467632293701
future and past,-20.10762667655945,-17.34063881635666,0.05913437902608831,-2.7669878602027893
evening and morning,-20.89120602607727,-18.911417186260223,0.12134134948917445,-1.9797888398170471
ice and snow,-17.829482436180115,-16.947149395942688,0.29269454903856346,-0.8823330402374268
husbands and wives,-19.23379385471344,-21.599994897842407,0.914213387205016,2.3662010431289673
boys and men,-20.130695104599,-20.474287748336792,0.5850629542327513,0.34359264373779297
bread and butter,-16.467036843299866,-21.38547134399414,0.9927424899305259,4.918434500694275
head and shoulders,-17.306693196296692,-21.81075406074524,0.989057096141969,4.504060864448547
rock and roll,-16.494030594825745,-23.62727427482605,0.9992025101797669,7.133243680000305
testament and will,-23.29162621498108,-19.084943056106567,0.014677068037528699,-4.206683158874512
engineers and scientists,-20.639543294906616,-19.642340540885925,0.26949174864264824,-0.9972027540206909
man and wife,-19.065609455108643,-24.72810983657837,0.9965382054969054,5.662500381469727
arms and hands,-20.70036029815674,-19.582075834274292,0.24632963652243922,-1.1182844638824463
math and science,-18.58248996734619,-19.46206045150757,0.7067332069530275,0.879570484161377
son and wife,-22.451696395874023,-21.18052625656128,0.21905700933793706,-1.2711701393127441
fingers and thumb,-22.609314441680908,-22.082695960998535,0.3713059184523081,-0.526618480682373
flesh and skin,-22.28290557861328,-21.486093997955322,0.31070796547848106,-0.796811580657959
life and religion,-21.773072719573975,-21.97494375705719,0.5502970667854578,0.20187103748321533
conscience and religion,-23.179664134979248,-23.45313036441803,0.5679436605362628,0.27346622943878174
pain and pressure,-22.5899760723114,-23.69554615020752,0.7513023149182327,1.1055700778961182
integrity and unity,-24.349494457244873,-21.797431230545044,0.07228799817632203,-2.552063226699829
flowers and hearts,-21.46309518814087,-18.27971351146698,0.03979591136617812,-3.183381676673889
grapefruit and oranges,-23.221742510795593,-20.51746964454651,0.06272169431893504,-2.7042728662490845
folklore and legend,-22.373480796813965,-24.788433074951172,0.9179604062675205,2.414952278137207
doctors and fathers,-25.75604546070099,-25.551265478134155,0.44898316179647785,-0.2047799825668335
contraction and dilation,-24.560176849365234,-21.617339611053467,0.05007613755300206,-2.9428372383117676
ships and weapons,-22.802064418792725,-22.750538110733032,0.487121272235044,-0.05152630805969238
funnels and masts,-30.821579456329346,-26.64502452686429,0.015119203422711018,-4.1765549294650555
law and sovereignty,-22.770416498184204,-24.08968448638916,0.7890598930547624,1.319267988204956
assurance and dignity,-28.684094190597534,-27.214372873306274,0.1869849760622702,-1.4697213172912598
mr. and mrs.,-19.761040969751775,-23.892726719379425,0.9841979248449934,4.13168574962765
bride and groom,-17.839030377566814,-21.25005066394806,0.9680471769211186,3.4110202863812447
feet and legs,-19.761314392089844,-18.815494060516357,0.27972616339419365,-0.9458203315734863
peace and quiet,-17.54243540763855,-22.342368841171265,0.9918368899108317,4.799933433532715
daughter and son,-20.183451056480408,-20.550966143608093,0.5908583996935225,0.36751508712768555
ends and odds,-24.25223731994629,-16.29880890250206,3.5133168441427984e-4,-7.953428417444229
city and state,-19.35581398010254,-19.84511113166809,0.6199408452418028,0.48929715156555176
facts and figures,-16.849802792072296,-21.84555721282959,0.9932788650294061,4.995754420757294
man and nature,-19.999934673309326,-20.503783226013184,0.6233633282122525,0.5038485527038574
prose and verse,-20.7481586933136,-21.603302717208862,0.7016451043454667,0.8551440238952637
body and head,-21.076208114624023,-19.16527271270752,0.12887580107840427,-1.910935401916504
command and control,-17.770611822605133,-21.451334953308105,0.9754149187081764,3.6807231307029724
child and wife,-23.585943698883057,-20.320698261260986,0.0367829115795511,-3.2652454376220703
aunt and uncle,-20.633722484111786,-20.733667016029358,0.5249653550490251,0.09994453191757202
cattle and horses,-20.96420383453369,-20.98835289478302,0.5060369716798752,0.024149060249328613
politics and religion,-18.489514112472534,-18.6344496011734,0.5361705768452711,0.1449354887008667
July and June,-20.994670867919922,-16.418897926807404,0.010193361431596753,-4.575772941112518
sailors and soldiers,-22.008161544799805,-20.535077333450317,0.186474281601281,-1.4730842113494873
English and German,-17.49982213973999,-17.85523247718811,0.5879289539057452,0.3554103374481201
food and shelter,-18.57821536064148,-21.453781843185425,0.9466252994502155,2.8755664825439453
sights and sounds,-18.15504789352417,-21.59996271133423,0.9690791272491787,3.4449148178100586
comings and goings,-19.3894333835633,-22.185822108469438,0.9424803653505275,2.796388724906137
heir and son,-28.038843154907227,-20.136754870414734,3.6983330302882563e-4,-7.902088284492493
coat and hat,-19.512733697891235,-20.144157886505127,0.6528123224656441,0.6314241886138916
crime and punishment,-17.395003080368042,-22.924927234649658,0.9960493794027981,5.529924154281616
earth and sky,-19.470673322677612,-21.649698734283447,0.8983501099734915,2.179025411605835
faith and love,-20.154869079589844,-20.76470971107483,0.6479044471107916,0.6098406314849854
mother and son,-18.383487701416016,-22.753897666931152,0.9875118705143933,4.370409965515137
cents and dollars,-22.456917762756348,-17.58688998222351,0.007614723191276567,-4.870027780532837
turns and twists,-23.085552215576172,-18.62559962272644,0.011430738818512837,-4.4599525928497314
fire and police,-19.809244871139526,-18.133488178253174,0.1576581706021692,-1.6757566928863525
months and years,-19.662761926651,-20.985875368118286,0.789699235672442,1.3231134414672852
editor and publisher,-21.476762294769287,-21.049700498580933,0.39482816532848547,-0.4270617961883545
aunts and uncles,-19.79780544899404,-20.80255987122655,0.7319923272480882,1.0047544222325087
research and training,-20.808084964752197,-20.380082845687866,0.3946035078629413,-0.42800211906433105
eyes and hair,-21.203205823898315,-21.175577640533447,0.4930933934804294,-0.027628183364868164
methods and principles,-21.027571201324463,-20.656973838806152,0.4083966856125893,-0.37059736251831055
city and country,-19.567204475402832,-20.60154128074646,0.7377558117128632,1.034336805343628
bread and cheese,-17.667638778686523,-19.194348335266113,0.8215243728714783,1.5267095565795898
location and size,-19.290953636169434,-19.24350881576538,0.4881410193735029,-0.047444820404052734
childhood and infancy,-24.570417404174805,-21.884737253189087,0.06382364429669334,-2.6856801509857178
morning and night,-20.462594509124756,-20.89583730697632,0.6066477521736842,0.4332427978515625
council and governor,-26.137970447540283,-20.817306518554688,0.0048657154158671025,-5.320663928985596
age and day,-25.15252137184143,-21.400187015533447,0.022925023301144442,-3.7523343563079834
body and face,-19.736628532409668,-18.767208576202393,0.2749961323374342,-0.9694199562072754
hair and skin,-19.501135110855103,-18.357142686843872,0.24158810143904372,-1.1439924240112305
nitrogen and oxygen,-20.410837292671204,-20.28414011001587,0.4683680065475101,-0.12669718265533447
piano and violin,-20.430906295776367,-19.36189317703247,0.2555908069977745,-1.0690131187438965
ceiling and walls,-20.672359704971313,-20.087766647338867,0.35787641735012504,-0.5845930576324463
color and texture,-19.23785972595215,-19.796875715255737,0.6362248286369991,0.5590159893035889
everybody and everything,-21.842618942260742,-21.916011810302734,0.5183399853685451,0.07339286804199219
bacon and eggs,-17.99522089958191,-18.579013109207153,0.6419395261279001,0.5837922096252441
paper and pen,-18.8916232585907,-17.102346658706665,0.14316143734826445,-1.7892765998840332
concrete and steel,-18.963459849357605,-18.852866649627686,0.4723798458408585,-0.11059319972991943
color and light,-20.004862785339355,-18.6357159614563,0.2027577248420509,-1.3691468238830566
friends and relations,-20.184784531593323,-23.858476161956787,0.9752457338562962,3.6736916303634644
boots and shoes,-19.662099838256836,-19.940826416015625,0.569233999902426,0.27872657775878906
hearing and sight,-21.995012998580933,-21.95324182510376,0.4895587247748922,-0.04177117347717285
expense and time,-23.79779553413391,-20.214263916015625,0.027026693597442766,-3.583531618118286
flowers and plants,-18.87321972846985,-18.488616943359375,0.40501724268056444,-0.38460278511047363
beauty and truth,-20.783778429031372,-19.392232179641724,0.19916102167138544,-1.3915462493896484
bone and flesh,-22.35055160522461,-19.700069427490234,0.06595929694541293,-2.650482177734375
doubts and fears,-21.02307629585266,-22.576175928115845,0.8253609642589199,1.5530996322631836
light and sound,-17.98185682296753,-18.93688154220581,0.7221245660556845,0.95502471923828125
beauty and youth,-21.620288133621216,-20.76686143875122,0.2987145244757734,-0.8534266948699951
fiction and poetry,-19.78902268409729,-20.25499153137207,0.614429193901311,0.4659688472747803
needle and thread,-17.50076761841774,-18.679983496665955,0.7648067872968914,1.1792158782482147
back and shoulders,-18.939953088760376,-20.764028549194336,0.8610544317375723,1.82407546043396
crime and violence,-20.38755691051483,-20.36390709877014,0.49408782262469086,-0.02364981174468994
force and violence,-23.13502311706543,-23.89074182510376,0.680423498126308,0.7557187080383301
eggs and ham,-20.780160188674927,-18.707759261131287,0.11180838668026105,-2.07240092754364
bone and muscle,-21.51866626739502,-21.338648796081543,0.4551167749906823,-0.18001747131347656
debate and discussion,-21.044259548187256,-20.130549430847168,0.2862412328450862,-0.9137101173400879
errors and omissions,-19.201767959166318,-22.079607367515564,0.9467400244280715,2.877839408349246
brother and mother,-22.30684757232666,-22.564010620117188,0.5639387786768527,0.25716304779052734
face and figure,-22.20487070083618,-23.236675262451172,0.7372655981396842,1.0318045616149902
chairs and table,-21.194562673568726,-17.531959891319275,0.025023382955297047,-3.6626027822494507
ammunition and guns,-23.202316761016846,-18.958228707313538,0.014145837089203995,-4.244088053703308
Concord and Lexington,-20.310564041137695,-17.149841517210007,0.04067085368895058,-3.1607225239276886
ice and water,-18.757317304611206,-18.417343139648438,0.4158157527176656,-0.33997416496276855
fun and games,-16.701953053474426,-20.139797687530518,0.9688665667359981,3.4378446340560913
breakfast and dinner,-19.579615592956543,-20.8305983543396,0.7774699355122916,1.2509827613830566
comfort and ease,-20.321662425994873,-22.118548154830933,0.8577694139243546,1.7968857288360596
father and uncle,-22.782820224761963,-24.24135947227478,0.8113091548241592,1.4585392475128174
health and spirits,-25.180987119674683,-25.61465311050415,0.6067487325709591,0.4336659908294678
names and numbers,-18.710293769836426,-19.747705698013306,0.7383503272770536,1.0374119281768799
rights and wrongs,-18.54790152097121,-21.99034035205841,0.9690048486388811,3.442438831087202
crannies and nooks,-26.926273501943797,-20.851396075449884,0.002294650547869921,-6.074877426493913
power and resources,-22.775665283203125,-23.785090923309326,0.7329077310402216,1.0094256401062012
flame and smoke,-21.388935923576355,-21.781121969223022,0.5968088343327318,0.3921860456466675
faith and life,-21.13321590423584,-21.640207767486572,0.6241010326771218,0.5069918632507324
wisdom and wit,-22.21908712387085,-19.068670511245728,0.04107486564085375,-3.150416612625122
novelist and poet,-22.339051008224487,-20.934308528900146,0.1970646299531855,-1.4047424793243408
Arizona and California,-18.955774784088135,-18.595370054244995,0.4108615957911652,-0.36040472984313965
crops and livestock,-20.777472853660583,-22.274001598358154,0.8170561799409918,1.4965287446975708
glass and steel,-19.745063304901123,-18.86143732070923,0.29242694979057066,-0.8836259841918945
bar and grill,-19.561223030090332,-24.640910148620605,0.9938166167021556,5.079687118530273
influence and prestige,-24.55996298789978,-24.205657243728638,0.4123386802164931,-0.3543057441711426
cotton and tobacco,-24.798933506011963,-23.358436346054077,0.19146837230024902,-1.4404971599578857
church and community,-20.268343448638916,-22.25062131881714,0.8789237750051309,1.9822778701782227
courage and hope,-21.53571581840515,-21.501960277557373,0.49156191599460897,-0.03375554084777832
teaching and writing,-20.257030248641968,-21.614099502563477,0.7952829617972421,1.3570692539215088
gin and tonic,-17.175370812416077,-22.7939133644104,0.9963832010322679,5.618542551994324
brush and trees,-27.172298669815063,-22.762474298477173,0.012011288319679193,-4.409824371337891
pad and pencil,-21.350176334381104,-22.454077005386353,0.7509902601617447,1.103900671005249
chair and table,-19.232382774353027,-18.568298816680908,0.33982280468457327,-0.6640839576721191
houses and shops,-21.082041025161743,-21.68394100666046,0.6460908716556321,0.6018999814987183
libraries and museums,-20.095601797103882,-20.086542010307312,0.49773506879291607,-0.009059786796569824
flames and smoke,-21.255847930908203,-21.243158102035522,0.49682758535334093,-0.012689828872680664
guidance and information,-21.07797145843506,-19.753623247146606,0.21009577408207777,-1.3243482112884521
stress and tension,-22.610867738723755,-22.21956753730774,0.40340434290435173,-0.3913002014160156
days and years,-22.14629316329956,-23.264681339263916,0.7536896172586768,1.1183881759643555
actions and feelings,-24.539063453674316,-22.953101634979248,0.16995279950741632,-1.5859618186950684
energy and money,-21.11193537712097,-22.206299781799316,0.7492026762161283,1.0943644046783447
anguish and pain,-23.551400184631348,-22.10039210319519,0.18984646978479,-1.4510080814361572
colors and forms,-21.868626356124878,-23.1955304145813,0.7903280686369497,1.326904058456421
meaning and origin,-18.37762439250946,-19.83545422554016,0.8112005289807599,1.4578298330307007
freedom and security,-20.214125633239746,-21.10711121559143,0.709505907491158,0.8929855823516846
gratitude and joy,-21.926531076431274,-20.972092628479004,0.277993090856094,-0.9544384479522705
mamma and papa,-24.8411822617054,-24.662901878356934,0.4555475810914242,-0.17828038334846497
length and weight,-20.68077802658081,-21.383801221847534,0.6688577123262508,0.7030231952667236
anger and hatred,-21.968976497650146,-23.080023765563965,0.7523243029934455,1.1110472679138184
aircraft and ships,-21.895092725753784,-20.33752679824829,0.17399619807320765,-1.5575659275054932
sidewalks and streets,-22.182605743408203,-20.85470485687256,0.2095067951735233,-1.3279008865356445
democracy and liberty,-21.677053809165955,-20.689017415046692,0.2713001010014924,-0.9880363941192627
iron and wood,-20.64198112487793,-19.145036935806274,0.18288172953324563,-1.4969441890716553
horses and wagons,-21.751503973733634,-22.939449667930603,0.7663734519591808,1.1879456941969693
clarity and precision,-20.798651695251465,-22.210987329483032,0.8041340731162979,1.4123356342315674
flowers and herbs,-20.885159969329834,-21.16747212409973,0.570112988096198,0.28231215476989746
confusion and fear,-21.974535942077637,-21.946308135986328,0.49294351702673395,-0.028227806091308594
jaws and teeth,-22.310309648513794,-23.529216766357422,0.7718711652843858,1.218907117843628
counties and towns,-22.572595834732056,-22.23298931121826,0.4159050603725913,-0.33960652351379395
bodies and faces,-23.01494836807251,-21.335586071014404,0.15717992973221934,-1.6793622970581055
ability and desire,-25.588786125183105,-24.586151599884033,0.2684237576744353,-1.0026345252990723
chest and stomach,-22.147278785705566,-22.66867971420288,0.6274752918566209,0.5214009284973145
Illinois and Missouri,-19.44346594810486,-19.75331401824951,0.5768481763446319,0.3098480701446533
jams and jellies,-19.051222656155005,-23.43990409374237,0.9877352019742879,4.3886814375873655
Tories and Whigs,-24.332930497825146,-18.176578849554062,0.0021154888088588722,-6.156351648271084
dogs and men,-21.103249549865723,-21.88528823852539,0.6861193316054637,0.782038688659668
discussion and thought,-26.55164670944214,-23.045328617095947,0.029132995533621468,-3.5063180923461914
distress and pain,-23.948031663894653,-23.56827998161316,0.40618678967596317,-0.37975168228149414
mouth and nostrils,-25.009818136692047,-25.655407667160034,0.6560158863222858,0.6455895304679871
cakes and pies,-19.637139558792114,-21.099149584770203,0.811839910527456,1.4620100259780884
adventure and romance,-21.35668706893921,-22.226574897766113,0.7047223569741868,0.8698878288269043
agreements and contracts,-21.637670516967773,-20.495882272720337,0.2419921885074684,-1.1417882442474365
crime and poverty,-21.243185877799988,-20.85041618347168,0.4030507313622108,-0.3927696943283081
cousins and uncles,-23.687971593812108,-22.891874194145203,0.3108609412424978,-0.7960973996669054
fire and light,-20.840648651123047,-20.6791832447052,0.4597211198783544,-0.16146540641784668
child and husband,-24.423076152801514,-22.049498558044434,0.0852098548695743,-2.37357759475708
vinegar and water,-19.903196811676025,-22.365325450897217,0.9214438827865137,2.4621286392211914
fork and spoon,-20.43956446647644,-19.704904794692993,0.3241730285771377,-0.7346596717834473
Burma and India,-18.80654001235962,-19.452184200286865,0.6560282201670676,0.6456441879272461
fruit and nuts,-19.4069344997406,-20.691260814666748,0.783185310992075,1.2843263149261475
ability and strength,-26.703421592712402,-22.712286710739136,0.018143462866287697,-3.9911348819732666
agencies and individuals,-24.067209482192993,-24.003012895584106,0.483956362891444,-0.06419658660888672
coffee and sandwiches,-21.24843454360962,-21.566684246063232,0.5788976321006692,0.3182497024536133
coffee and toast,-19.939429759979248,-20.204983711242676,0.5660010825922557,0.26555395126342773
anger and anxiety,-21.414547443389893,-22.180498719215393,0.6826444233501068,0.7659512758255005
apprehension and fear,-23.787220418453217,-23.14154825359583,0.34396546672087785,-0.6456721648573875
figures and words,-23.529507637023926,-22.56746006011963,0.27646842321763776,-0.9620475769042969
blood and guts,-18.471402168273926,-22.282917737960815,0.9783638385893678,3.8115155696868896
action and character,-23.027077674865723,-23.166460037231445,0.5347892865796259,0.13938236236572266
diamonds and rubies,-20.710472812876105,-21.084408044815063,0.5924095258664818,0.37393523193895817
plans and projects,-21.828446865081787,-21.24476933479309,0.3580868337102889,-0.5836775302886963
jacket and trousers,-20.223159313201904,-21.871764421463013,0.8387024376914369,1.6486051082611084
kind and quantity,-24.555243492126465,-22.276821613311768,0.0929258885787901,-2.2784218788146973
family and neighborhood,-21.397364377975464,-23.886667728424072,0.923388534695784,2.4893033504486084
nights and weekends,-21.290932536125183,-23.68597912788391,0.9164488006384045,2.395046591758728
labor and money,-24.05107593536377,-23.10772705078125,0.2802243801154317,-0.9433488845825195
shower and tub,-24.69719409942627,-21.621572017669678,0.04412409547473545,-3.075622081756592
aggression and hostility,-23.739076256752014,-23.98617720603943,0.561462817554252,0.24710094928741455
information and material,-21.268388032913208,-22.213613510131836,0.7201539699826569,0.9452254772186279
despair and rage,-23.54944372177124,-23.66109609603882,0.527884132030752,0.11165237426757813
improvements and land,-28.12049961090088,-24.09560775756836,0.017551787198594168,-4.0248918533325195
landings and takeoffs,-23.94307690858841,-21.316558531136252,0.06745112022104649,-2.6265183774521574
novels and tales,-23.612439393997192,-26.009370803833008,0.9165930086698623,2.3969314098358154
corruption and crime,-21.96141767501831,-20.664032816886902,0.21460547003878105,-1.2973848581314087
anthropology and psychology,-22.32059907913208,-24.260417938232422,0.8743322419103173,1.9398188591003418
lecturer and writer,-23.809667110443115,-23.232405185699463,0.3595628677973354,-0.5772619247436523
fog and mist,-21.526394605636597,-21.682166576385498,0.5388644376206221,0.15577197074890137
field and stream,-19.738425493240356,-24.505091190338135,0.9915630837100384,4.766665697097778
dates and events,-20.580792546272278,-20.007895946502686,0.3605687185777261,-0.5728965997695923
belly and chest,-23.63506317138672,-22.67600727081299,0.2770672591217025,-0.9590559005737305
pain and shame,-23.059728384017944,-24.619523525238037,0.826323955114583,1.5597951412200928
doorways and windows,-21.79132890701294,-22.108213663101196,0.5785648562917765,0.31688475608825684
history and identity,-21.46175193786621,-22.727012395858765,0.7799303370111946,1.2652604579925537
anger and indignation,-22.80370743572712,-24.379631757736206,0.8286265278798122,1.5759243220090866
cream and peaches,-24.78655168414116,-17.267414152622223,5.423060843217316e-4,-7.519137531518936
classmates and friends,-23.33416986465454,-22.9567209482193,0.4067423344519134,-0.3774489164352417
movements and positions,-23.276155948638916,-22.40653657913208,0.2953335094619747,-0.8696193695068359
barrels and boxes,-23.836944818496704,-22.906803011894226,0.28289594590731476,-0.930141806602478
costumes and masks,-20.814807415008545,-21.004837036132813,0.5473649569812622,0.19002962112426758
attractions and repulsions,-28.173470080364496,-26.80483317375183,0.20284016394770757,-1.3686369066126645
effort and resources,-23.597025871276855,-27.66304874420166,0.9831435682917883,4.066022872924805
ability and age,-26.92499828338623,-22.804332494735718,0.01597437930488669,-4.120665788650513
editing and publishing,-19.89180278778076,-21.823522090911865,0.8734395986323307,1.9317193031311035
cysts and tumors,-23.65839958190918,-23.30411052145064,0.41234272294444996,-0.3542890604585409
dirt and sweat,-22.10384202003479,-24.884419441223145,0.9416171958514076,2.7805774211883545
dreams and plans,-22.154799342155457,-23.643083095550537,0.8158205336085654,1.4882837533950806
farms and fields,-22.22345769405365,-23.14313268661499,0.7149758785671093,0.9196749925613403
cause and consequence,-20.53166353702545,-24.473356246948242,0.9809544530290804,3.9416927099227905
choice and decision,-22.226341724395752,-24.022254943847656,0.8576507254753895,1.7959132194519043
confusion and turmoil,-25.489619255065918,-24.598236083984375,0.29082447197124606,-0.891383171081543
magic and superstition,-22.871305212378502,-22.655601143836975,0.44628210480893854,-0.2157040685415268
machinery and power,-23.625258803367615,-23.817721366882324,0.5479676646696179,0.19246256351470947
education and skill,-21.624138355255127,-24.371885538101196,0.9397859930108792,2.7477471828460693
forms and materials,-22.625998973846436,-21.45419406890869,0.23652889418691214,-1.1718049049377441
length and quality,-23.67068862915039,-23.10504150390625,0.36224183344152505,-0.5656471252441406
inclination and time,-26.092332363128662,-23.457202911376953,0.06691148434056193,-2.635129451751709
help and understanding,-23.328621864318848,-24.9876971244812,0.8401138286760114,1.6590752601623535
closets and drawers,-22.386099934577942,-25.059961915016174,0.9354665672454197,2.6738619804382324
friends and partners,-21.34774076938629,-21.22405171394348,0.4691170991832504,-0.12368905544281006
receivers and senders,-25.26360767055303,-21.510690331459045,0.02291196842897216,-3.752917339093983
authority and force,-25.541535139083862,-25.515274047851563,0.493435104474822,-0.026261091232299805
trees and underbrush,-24.84134793281555,-25.992658853530884,0.7597502805062067,1.151310920715332
bacon and coffee,-22.842477321624756,-20.819068431854248,0.1167669642086558,-2.023408889770508
december and may,-27.30738353729248,-23.581135272979736,0.02351666732040955,-3.726248264312744
grains and seeds,-20.492616772651672,-20.962336540222168,0.6153174269891037,0.4697197675704956
beauty and color,-23.265443086624146,-23.10127067565918,0.45904883426703746,-0.16417241096496582
legs and torso,-22.55591630935669,-21.844207286834717,0.3292213187210162,-0.7117090225219727
transportation and utilities,-22.474676609039307,-23.35807514190674,0.7075259852541298,0.8833985328674316
hardships and trials,-25.77829599380493,-23.847537875175476,0.12666669160149902,-1.9307581186294556
science and tactics,-25.585733890533447,-26.055766463279724,0.6153914658944092,0.47003257274627686
neighborhood and school,-23.78981924057007,-22.8178071975708,0.27447964106687367,-0.9720120429992676
irony and satire,-22.972585678100586,-22.06495475769043,0.28748486873600215,-0.90763092041015625
kitchen and pantry,-20.174980640411377,-22.17002773284912,0.880276072876734,1.9950470924377441
astronomy and geology,-22.52430546283722,-24.59379768371582,0.8879024312758474,2.069492220878601
feet and heads,-24.632433652877808,-22.453020095825195,0.10161445115496709,-2.1794135570526123
snow and water,-20.62651252746582,-20.344083786010742,0.42985843858655715,-0.2824287414550781
back and hips,-21.84783411026001,-22.991400003433228,0.7583337395636881,1.1435658931732178
bombers and missiles,-24.373764038085938,-23.052193880081177,0.21055717871877724,-1.3215701580047607
argument and debate,-23.798872470855713,-25.610456466674805,0.8595532055341268,1.8115839958190918
doubts and suspicions,-24.073415994644165,-24.423154592514038,0.5865541881467868,0.34973859786987305
laborers and servants,-25.76610517501831,-25.21670427918434,0.36600341690148963,-0.5494008958339691
arms and faces,-24.779401779174805,-23.82976007461548,0.2789568837928789,-0.9496417045593262
chrome and glass,-20.960866451263428,-20.576965808868408,0.4051864550995784,-0.38390064239501953
paris and washington,-26.450984477996826,-26.439207077026367,0.4970556837904549,-0.011777400970458984
arm and back,-22.886574268341064,-20.105495929718018,0.05835527267805761,-2.781078338623047
emotion and meaning,-23.498659372329712,-24.236718773841858,0.6765713551064375,0.738059401512146
bushes and vines,-24.59224808216095,-24.043161153793335,0.36607627452032077,-0.5490869283676147
authority and independence,-23.810765981674194,-23.72750163078308,0.4791959303568552,-0.08326435089111328
crises and problems,-24.948834896087646,-25.85853910446167,0.7129396308232824,0.9097042083740234
bathrobe and slippers,-20.442758092627628,-23.24822026491165,0.9429702768832738,2.805462172284024
generalists and specialists,-23.617783069610596,-22.634699381887913,0.27228034130767287,-0.983083687722683
boredom and loneliness,-24.19736623764038,-23.12971603870392,0.25585020814050913,-1.0676501989364624
excitement and fatigue,-25.809094429016113,-27.143714904785156,0.7916038886196876,1.334620475769043
fun and pleasure,-23.503751754760742,-23.290676593780518,0.44693183707195283,-0.2130751609802246
individualism and socialism,-23.36195158958435,-24.31621563434601,0.7219719028128055,0.9542640447616577
fields and homes,-26.399571895599365,-24.971423625946045,0.19338736924543895,-1.4281482696533203
certainty and security,-24.26844811439514,-24.150106191635132,0.47044899927692957,-0.11834192276000977
artist and critic,-22.9397611618042,-24.506120204925537,0.8272639414569272,1.566359043121338
20s and 30s,-18.626892232336104,-22.911979975178838,0.9864146894702537,4.285087742842734
brick and glass,-22.088960647583008,-23.121002674102783,0.7373115936958905,1.0320420265197754
dentist and doctor,-23.007177591323853,-22.53244924545288,0.38349771987587267,-0.4747283458709717
bourbon and water,-22.659021139144897,-24.993258476257324,0.9116731449937823,2.3342373371124268
cuts and wounds,-23.189359664916992,-23.46058464050293,0.5673936099342213,0.2712249755859375
palm and pine,-22.786946296691895,-24.417434692382813,0.8362365331053294,1.630488395690918
fish and vegetable,-20.584928512573242,-21.030762195587158,0.609648199364059,0.445833683013916
initials and names,-23.57622718811035,-21.788196563720703,0.14331434444211075,-1.7880306243896484
fury and pain,-25.225303173065186,-24.292110204696655,0.2822773796743791,-0.9331929683685303
gentleness and sweetness,-25.451553344726563,-25.632883824408054,0.545208812806528,0.18133047968149185
experiences and reactions,-23.240885496139526,-25.774224758148193,0.9264462270675744,2.533339262008667
bitterness and disappointment,-24.6495840549469,-24.811147689819336,0.5403032777740593,0.16156363487243652
comedy and satire,-21.983582496643066,-23.0317964553833,0.7404317827766772,1.0482139587402344
enthusiasm and warmth,-26.379835605621338,-25.347938656806946,0.2627165063868223,-1.031896948814392
body and breath,-22.166000366210938,-22.686019897460938,0.6271523333613367,0.52001953125
beauty and brains,-20.017009973526,-22.01845693588257,0.8809489160545164,2.0014469623565674
hotels and pensions,-20.575735688209534,-28.73782706260681,0.999714816178785,8.162091374397278
imagination and originality,-24.87502535432577,-24.245709896087646,0.3476657717715357,-0.6293154582381248
ears and hair,-22.88309359550476,-23.206496715545654,0.5801533939538986,0.32340312004089355
importance and validity,-24.867971181869507,-24.210641384124756,0.34133969027740374,-0.657329797744751
money and papers,-24.799543380737305,-25.69456672668457,0.7099257260167068,0.8950233459472656
pies and puddings,-23.052009175531566,-22.206778287887573,0.30043424363542154,-0.8452308876439929
eloquence and force,-26.728461861610413,-30.334645725786686,0.9735626363341247,3.6061838641762733
blossom and leaf,-24.32208824157715,-22.829843044281006,0.18358497471719448,-1.4922451972961426
desolation and misery,-26.35277795791626,-24.93506470322609,0.1950203234397199,-1.4177132546901703
boots and jacket,-23.177021980285645,-21.829243898391724,0.2062338656243284,-1.347778081893921
confusions and contradictions,-23.937884092330933,-23.737025648355484,0.4499535326793038,-0.2008584439754486
flames and sparks,-23.451112031936646,-22.644627809524536,0.30864019217428484,-0.8064842224121094
danger and threat,-25.653071880340576,-24.147214889526367,0.18155359870670698,-1.505856990814209
determination and faith,-25.512425184249878,-23.955625534057617,0.17410635612739037,-1.5567996501922607
berlin and frankfurt,-27.029619693756104,-28.726054668426514,0.8450685483467845,1.6964349746704102
clothes and dishes,-23.941843032836914,-23.019848823547363,0.28455173472228307,-0.9219942092895508
comfort and companionship,-26.03282354027033,-25.708006143569946,0.419502162099025,-0.32481739670038223
background and interest,-23.82067060470581,-24.883591890335083,0.743248410876039,1.0629212856292725
glass and rubber,-22.845088481903076,-23.571088790893555,0.6739269550016106,0.7260003089904785
color and scent,-23.110681533813477,-22.891807079315186,0.44549879088388056,-0.21887445449829102
interest and payments,-22.867754220962524,-23.5914363861084,0.6734173390067535,0.723682165145874
gambling and vice,-24.518604278564453,-28.04677963256836,0.9714788991311104,3.5281753540039063
activities and places,-21.75767159461975,-21.93875241279602,0.54514690699918,0.18108081817626953
elegance and purity,-23.563241362571716,-25.259379386901855,0.8450296653386397,1.6961380243301392
leaves and limbs,-22.523799419403076,-24.203864574432373,0.8429131585215904,1.6800651550292969
power and trade,-23.32441234588623,-23.943544387817383,0.6500211193328188,0.6191320419311523
games and races,-23.81975269317627,-23.358103275299072,0.3865946091070865,-0.46164941787719727
evenings and sundays,-25.598878785967827,-29.750720977783203,0.9845083649679873,4.151842191815376
activity and nature,-24.408962965011597,-23.207855701446533,0.231278299037564,-1.2011072635650635
sun and weather,-22.602683067321777,-22.54218101501465,0.48487909914453975,-0.060502052307128906
leather and paper,-22.46434783935547,-21.865280866622925,0.3545571847071236,-0.599066972732544
anguish and rage,-24.9871244430542,-25.181711673736572,0.5484938889932535,0.19458723068237305
shooting and yelling,-26.284247875213623,-27.49948501586914,0.7712242887240879,1.2152371406555176
arches and piers,-24.690901398658752,-24.641607597470284,0.48767904447094107,-0.04929380118846893
investment and risk,-22.307966470718384,-22.741069316864014,0.6066143555235345,0.4331028461456299
control and growth,-25.644848346710205,-23.50763177871704,0.10553184289661982,-2.137216567993164
happiness and pain,-22.125120639801025,-22.533188581466675,0.6006245171497984,0.4080679416656494
Egypt and Europe,-20.651153802871704,-20.713958263397217,0.5156959562093676,0.0628044605255127
order and truth,-24.422571182250977,-23.97002077102661,0.3887545543174499,-0.45255041122436523
factories and industries,-22.94438624382019,-24.68398404121399,0.8506359710583572,1.7395977973937988
name and year,-20.872239112854004,-22.95851707458496,0.8895622979160185,2.086277961730957
river and sky,-23.39890742301941,-24.13673162460327,0.6765198859195728,0.7378242015838623
detection and removal,-21.149763345718384,-26.518228769302368,0.9953603477996684,5.368465423583984
breakfast and luncheon,-24.733272969722748,-28.067707419395447,0.9655914072909175,3.334434449672699
attitude and experience,-24.063650369644165,-23.582512140274048,0.3819833849865891,-0.4811382293701172
pilot and plane,-23.970213174819946,-23.772263050079346,0.4506734324442455,-0.19795012474060059
malaria and typhoid,-24.335044112987816,-23.770724654197693,0.3625486105774205,-0.5643194587901235
technology and time,-22.135804653167725,-21.07987117767334,0.25808733944162293,-1.0559334754943848
economist and historian,-24.26884436607361,-24.653915405273438,0.5950955913620546,0.3850710391998291
muskets and swords,-23.107465386390686,-23.23913723602891,0.5328704851894718,0.13167184963822365
character and wisdom,-24.55694341659546,-24.026843547821045,0.37049359552774036,-0.5300998687744141
azaleas and camellias,-23.635794593021274,-23.453133072704077,0.45446116737190967,-0.18266152031719685
silence and space,-22.124926805496216,-23.00304889678955,0.7064329211844169,0.878122091293335
fingers and mouth,-24.611854076385498,-25.812652587890625,0.7686668037970154,1.200798511505127
power and variety,-25.120430946350098,-24.83687400817871,0.4295819618611665,-0.2835569381713867
cliches and stereotypes,-23.393566727638245,-23.39737057685852,0.5009509611584264,0.003803849220275879
habits and movements,-26.617812395095825,-25.67754888534546,0.2808471179151947,-0.9402635097503662
shirt and waistcoat,-22.906090959906578,-22.702624082565308,0.4493080421777611,-0.20346687734127045
boardinghouses and hotels,-26.81617760658264,-24.450538277626038,0.0858306767551464,-2.365639328956604
stucco and wood,-23.222696963697672,-23.108466846402735,0.47147348300072517,-0.11423011729493737
activities and character,-25.034480333328247,-25.996597290039063,0.7235454548619641,0.9621169567108154
happiness and warmth,-24.61484384536743,-22.818467259407043,0.1422927133547741,-1.7963765859603882
fulfillment and pleasure,-28.226778745651245,-24.579182147979736,0.02539211327868613,-3.647596597671509
means and motives,-24.89251184463501,-24.01365625858307,0.2934149857120642,-0.8788555860519409
fear and relief,-24.27206563949585,-25.700451135635376,0.806649632712912,1.4283854961395264
despair and futility,-25.36353312432766,-25.043076992034912,0.42056458894007487,-0.3204561322927475
ash and maple,-24.053510904312134,-25.637637615203857,0.8297881671368882,1.5841267108917236
beauty and inspiration,-23.03780484199524,-23.638417959213257,0.64579656525269,0.6006131172180176
clippings and pictures,-23.93106859177351,-23.68015136849135,0.4375977520931016,-0.2509172232821584
liquids and powders,-21.76431145425886,-23.033270001411438,0.7805644162341765,1.2689585471525788
domination and influence,-26.87197971343994,-26.174134016036987,0.33229003738924695,-0.6978456974029541
action and conversation,-24.614367961883545,-24.1398983001709,0.38355888169486463,-0.4744696617126465
pattern and sequence,-24.392455101013184,-22.745280265808105,0.16149114433499626,-1.6471748352050781
detective and police,-23.568318367004395,-22.61695647239685,0.2786110164650087,-0.951361894607544
church and graveyard,-21.48367929458618,-25.235785007476807,0.9770698546495722,3.752105712890625
gardens and lawn,-23.657280683517456,-21.85291600227356,0.14132058522324292,-1.8043646812438965
powers and processes,-25.358028173446655,-25.728785276412964,0.5916419085257807,0.3707571029663086
machinery and tractors,-25.63809609413147,-23.1592298746109,0.07735308081039537,-2.478866219520569
ammo and weapons,-22.398263454437256,-19.749347925186157,0.06605588172869145,-2.6489155292510986
clay and wax,-22.697741985321045,-24.40371608734131,0.846313377337255,1.7059741020202637
associations and enterprises,-26.79756450653076,-24.82556414604187,0.12217419065271795,-1.9720003604888916
grace and modesty,-23.657204100862145,-23.90530276298523,0.561708461641575,0.24809866212308407
brains and talent,-25.351755619049072,-25.50771999359131,0.5389122475960477,0.15596437454223633
comedy and humor,-22.743268966674805,-22.107059478759766,0.3461038917218932,-0.6362094879150391
certainty and order,-26.29103112220764,-26.254281997680664,0.4908137526791569,-0.03674912452697754
discretion and moderation,-24.38183617591858,-24.241146087646484,0.4648853795245831,-0.14069008827209473
attention and civility,-28.357228212058544,-26.914860725402832,0.19117899739540373,-1.4423674866557121
captain and leader,-25.34702968597412,-26.56565260887146,0.7718211186468386,1.2186229228973389
control and intelligence,-25.521023273468018,-24.287074089050293,0.225490973617089,-1.2339491844177246
grease and sweat,-25.893584489822388,-25.456289291381836,0.39238565770520384,-0.43729519844055176
comprehension and control,-25.80950951576233,-26.66632604598999,0.7019951074487935,0.8568165302276611
hallucinations and visions,-24.793048858642578,-24.522229053080082,0.43270584504479676,-0.2708198055624962
commands and statements,-24.6538724899292,-25.9200119972229,0.7800811790320419,1.2661395072937012
cost and upkeep,-25.208564281463623,-25.480278968811035,0.5675138096839889,0.2717146873474121
men and objects,-25.567458629608154,-24.645657062530518,0.28459095484542335,-0.9218015670776367
fragrance and taste,-23.409599542617798,-22.50187921524048,0.28746655520052544,-0.9077203273773193
betrayal and murder,-23.45826506614685,-22.26879596710205,0.2333539004310529,-1.1894690990447998
bacteria and insects,-23.710261344909668,-23.097924947738647,0.3515264185354392,-0.6123363971710205
confusion and congestion,-27.274301528930664,-26.08532404899597,0.2334418625488715,-1.1889774799346924
facts and techniques,-23.478647112846375,-24.917860984802246,0.8083328854878256,1.4392138719558716
anger and spite,-24.901187419891357,-24.881896495819092,0.49517741853719494,-0.019290924072265625
money and numbers,-22.00497055053711,-20.203108072280884,0.14162449784688244,-1.8018624782562256
boulders and ledges,-25.58487262763083,-27.1445349752903,0.8263048967294573,1.5596623476594687
abolition and emancipation,-24.204028074163944,-23.81459951400757,0.40385487077741783,-0.38942856015637517
nationalism and sovereignty,-24.307302236557007,-24.27428150177002,0.49174556632112204,-0.033020734786987305
tensions and uncertainties,-24.96931219100952,-26.9119291305542,0.8746393601622555,1.9426169395446777
beauty and poise,-23.58957588672638,-25.12327742576599,0.8225472481808878,1.5337015390396118
background and intelligence,-26.240135669708252,-25.385303020477295,0.29842008268620085,-0.854832649230957
battle and bloodshed,-24.675436675548553,-25.781298398971558,0.7513568040587654,1.1058617234230042
fairness and moderation,-24.882362008094788,-25.34877872467041,0.6145352913685981,0.46641671657562256
back and behind,-23.489656925201416,-24.47053861618042,0.7272831280679006,0.9808816909790039
apprehension and terror,-26.1475550532341,-26.742756366729736,0.6445576765899009,0.595201313495636
head and teeth,-23.174972534179688,-24.51171112060547,0.7919530915295239,1.3367385864257813
cod and salmon,-21.93069291114807,-22.056020975112915,0.5312910689852811,0.12532806396484375
archaeologists and geologists,-25.50035010278225,-24.877862207591534,0.3492158301871448,-0.6224878951907158
chopping and sawing,-26.50789581425488,-23.87673592567444,0.06715974786949992,-2.6311598885804415
anxiety and dismay,-27.206843972206116,-26.390480041503906,0.30653604113033606,-0.8163639307022095
resources and riches,-28.7432279586792,-25.234285354614258,0.029058854816378862,-3.5089426040649414
personnel and ships,-26.711466312408447,-25.32972288131714,0.2007291430298085,-1.3817434310913086
bandits and outlaws,-24.38536666147411,-22.87906876206398,0.18148809246385572,-1.5062978994101286
secrecy and stealth,-25.077831029891968,-24.405921459197998,0.33806938792945773,-0.6719095706939697
soldiers and subjects,-26.64164090156555,-30.190914630889893,0.9720577063607447,3.549273729324341
barges and towboats,-26.188905894756317,-24.779586713877507,0.19634146162200186,-1.4093191808788106
celebration and ritual,-24.640817642211914,-23.962621688842773,0.3366640659758217,-0.6781959533691406
searching and yearning,-29.320274591445923,-25.43034791946411,0.02003714882709906,-3.8899266719818115
letters and magazines,-24.340049982070923,-23.56805181503296,0.3160470211987484,-0.7719981670379639
flight and terror,-26.102437496185303,-25.207488298416138,0.29008954364348755,-0.894949197769165
gaiety and spirit,-28.55644130706787,-30.23698365688324,0.8429763338141949,1.6805423498153687
disdain and indifference,-26.32545495033264,-27.764694213867188,0.8083368193954293,1.439239263534546
liberalism and progress,-22.95261311531067,-30.03059434890747,0.9991572366409839,7.077981233596802
blame and hate,-26.10249376296997,-24.09174871444702,0.11807936888578097,-2.010745048522949
color and imagery,-24.375376224517822,-24.176016449928284,0.4503244741374998,-0.19935977458953857
intonation and phrasing,-23.593334339559078,-24.59371473826468,0.7311333629808895,1.0003803987056017
abasement and humiliation,-35.831196308135986,-27.41067786095664,2.2025188751140915e-4,-8.420518447179347
commercialism and materialism,-28.1208723038435,-28.431694269180298,0.5770858808570305,0.3108219653367996
education and industrialization,-26.215274572372437,-25.571627736091614,0.34442263296264947,-0.6436468362808228
foreboding and gloom,-27.85300350189209,-26.241427874192595,0.16636997329699688,-1.6115756276994944
firepower and speed,-25.254894733428955,-24.941975831985474,0.42240242849859466,-0.31291890144348145
